{
    "Maybank": [
        100.97064967921267,
        4.386279213828729
    ],
    "Cafe_Syg": [
        100.97045234164341,
        4.3862809717178095
    ],
    "Postal_Hub": [
        100.97075,
        4.386333
    ],
    "Block_K": [
        100.97044,
        4.385131
    ],
    "V2A": [
        100.968398,
        4.387534
    ],
    "Block_I2": [
        100.97026796060894,
        4.383670803205906
    ],
    "Block_J": [
        100.97033705692986,
        4.384370963572514
    ],
    "Block_L": [
        100.97100147439131,
        4.385876621724128
    ],
    "Cetal": [
        100.97121585215217,
        4.3836463780183825
    ],
    "Block_11": [
        100.96450050817036,
        4.380553159518557
    ],
    "Block_B": [
        100.97385701032748,
        4.38726719429551
    ],
    "Masjid_An_Nur": [
        100.97376,
        4.385647
    ],
    "Main_Hall": [
        100.972011,
        4.386397
    ],
    "Sports_Complex": [
        100.97445504338302,
        4.387369543514294
    ],
    "Pocket_D": [
        100.96674437658505,
        4.384113604333647
    ],
    "Pusat_Kayak": [
        100.977161,
        4.382452
    ],
    "Chancellor_Hall": [
        100.9696761227488,
        4.381681465269601
    ],
    "V1B": [
        100.97057,
        4.387184
    ],
    "IRC": [
        100.96956479219578,
        4.382451395764564
    ],
    "R_D_Building": [
        100.961068,
        4.379052
    ],
    "V1A": [
        100.97083076202648,
        4.387479729292082
    ],
    "V1_Court": [
        100.97023577937529,
        4.386977947759846
    ],
    "V1C": [
        100.9699110180116,
        4.38721029984147
    ],
    "Cafe_V1": [
        100.97036717137661,
        4.387828257151739
    ],
    "V1D": [
        100.96930116079363,
        4.387190525197909
    ],
    "V1C_Court": [
        100.96962344306343,
        4.387380856110511
    ],
    "V2B": [
        100.96821283904876,
        4.387235018139577
    ],
    "V2_Cafe": [
        100.96782114213602,
        4.387741743156795
    ],
    "V2C": [
        100.96737242605434,
        4.388097686376383
    ],
    "V2E": [
        100.96714434937041,
        4.38761320806222
    ],
    "V4C": [
        100.96638078775067,
        4.388006228783041
    ],
    "V4B": [
        100.96600148631063,
        4.38826577063962
    ],
    "V4D": [
        100.96594446713897,
        4.387862862766426
    ],
    "V4A": [
        100.96498505761463,
        4.388357228224422
    ],
    "V4E": [
        100.96494787119912,
        4.387937017605665
    ],
    "Pos_Laju": [
        100.96546104373579,
        4.388374531009646
    ],
    "V4_Mart": [
        100.96543873188568,
        4.388164425734004
    ],
    "Dobi_V4": [
        100.96545856464184,
        4.388297904386164
    ],
    "Cafe_V4": [
        100.96566185038017,
        4.388199031312908
    ],
    "V5A": [
        100.96390169280488,
        4.388147122749203
    ],
    "V5B": [
        100.96368105340434,
        4.3876626444685485
    ],
    "V5C": [
        100.9642140586958,
        4.387571186797231
    ],
    "V5D": [
        100.96442973990696,
        4.38718063770213
    ],
    "V3E": [
        100.96507430435094,
        4.387202884115055
    ],
    "V3A": [
        100.96521065454158,
        4.386809862994738
    ],
    "V3D": [
        100.96612296127307,
        4.387351193917212
    ],
    "V3C": [
        100.96654192822399,
        4.387146032015224
    ],
    "V3B": [
        100.9661378358399,
        4.386948285550545
    ],
    "V3_Dobi": [
        100.96552302043398,
        4.387032327805343
    ],
    "V3_Mart": [
        100.9655304577173,
        4.386943341889051
    ],
    "V5F": [
        100.96472663415142,
        4.386564768236738
    ],
    "V5E": [
        100.96416387972778,
        4.386693303510285
    ],
    "V5_Court": [
        100.96330322735884,
        4.38710712037232
    ],
    "Warung_Cha_V5": [
        100.96362550996986,
        4.38615546426729
    ],
    "Shawarma": [
        100.96375938106661,
        4.386397703936424
    ],
    "Dobi_V5": [
        100.96360815630914,
        4.3859700767117715
    ],
    "V5_Mart": [
        100.96368748732954,
        4.385888506173146
    ],
    "One_Island": [
        100.96388829397392,
        4.386046703574053
    ],
    "V5G": [
        100.96336520505434,
        4.385475835999586
    ],
    "V5K": [
        100.9630974628609,
        4.385016074360834
    ],
    "V5H": [
        100.96366021728448,
        4.384917200853181
    ],
    "V5J": [
        100.96339495418647,
        4.3845488969218
    ],
    "Chancellor_Park": [
        100.96638965306795,
        4.381422733782728
    ],
    "PMMD": [
        100.96782387247208,
        4.388761882528925
    ],
    "Nadi_UTP": [
        100.96598296321469,
        4.389215269020426
    ],
    "Computer": [
        100.96582492521304,
        4.389627009983087
    ],
    "Kenangan": [
        100.96553552667336,
        4.389524815317316
    ],
    "V6": [
        100.96445229473363,
        4.389904798148223
    ],
    "Nasi_Ayam": [
        100.96582018473168,
        4.389430044905211
    ],
    "Komunal": [
        100.96597292286498,
        4.389450083069974
    ],
    "Block_N": [
        100.97004646260899,
        4.385708027511171
    ],
    "Block_N4": [
        100.96971486011432,
        4.385910414046947
    ],
    "Block_N2": [
        100.96983142341486,
        4.385140944155296
    ],
    "DIGIT": [
        100.97026552109077,
        4.384824339334614
    ],
    "Block_J2": [
        100.96987764710673,
        4.384285309218114
    ],
    "Gentari": [
        100.97027757965088,
        4.3831351090905315
    ],
    "He_And_She": [
        100.97000923201193,
        4.382436712606236
    ],
    "Block_F": [
        100.97167083043217,
        4.38523808354185
    ],
    "Annur_Gallery": [
        100.9730496538757,
        4.386454412281736
    ],
    "Block_A": [
        100.9751540405232,
        4.386903738416407
    ],
    "Cafe_V7": [
        100.97517861862599,
        4.382986012349306
    ],
    "V7_Tembungo": [
        100.97473443092593,
        4.382794613201355
    ],
    "V7_Duyong": [
        100.97473219882733,
        4.382458551789625
    ],
    "V7_Ethana": [
        100.97481925068843,
        4.382187031862074
    ],
    "V7_Metana": [
        100.9748125535479,
        4.381862098220296
    ],
    "V7_Propana": [
        100.97428131409464,
        4.3815861269022065
    ],
    "V7_Ruby": [
        100.97333059629142,
        4.3826572434618924
    ],
    "Dobi_V7": [
        100.97454957539719,
        4.382630882267151
    ],
    "Warung_Cha": [
        100.96673322422299,
        4.383970237376417
    ],
    "Block_O": [
        100.96827652650228,
        4.384360016053819
    ],
    "Guest_Apartment": [
        100.96792580639465,
        4.385508118899466
    ],
    "UTP_Field": [
        100.9774809005927,
        4.3870325821137754
    ],
    "Dobi_V1": [
        100.97050091329334,
        4.38781832078152
    ],
    "V2_Dobi": [
        100.96724849969996,
        4.388007262730525
    ],
    "V2D": [
        100.96719995815221,
        4.387913701178078
    ],
    "My_News": [
        100.97057233831748,
        4.386271781863641
    ],
    "Block_17": [
        100.965690822883,
        4.382942836888639
    ],
    "Block_12": [
        100.96457014567451,
        4.381026579743164
    ],
    "Block_13": [
        100.96449558439036,
        4.3815100242764355
    ],
    "Block_15": [
        100.96481140026609,
        4.38268458600925
    ],
    "Block_16": [
        100.96527979219458,
        4.3827157220008
    ],
    "Block_18": [
        100.966,
        4.3832
    ],
    "Block_19": [
        100.96628,
        4.383389
    ],
    "Oval_Park": [
        100.976765,
        4.38422
    ],
    "Block_1": [
        100.968634,
        4.380976
    ],
    "Block_2": [
        100.9684,
        4.3807
    ],